source,target
0,17
0,482
0,458
0,334
0,350
0,224
0,2
0,292
0,699
0,691
0,401
0,566
0,622
0,118
0,579
0,336
0,164
0,524
0,692
0,686
0,799
0,279
0,280
0,619
0,337
0,116
0,1
0,282
0,624
0,804
0,560
0,153
0,690
0,520
0,215
0,745
0,455
0,625
0,623
0,402
0,117
0,213
0,620
0,851
0,454
0,562
0,11
0,225
0,162
0,802
0,4
0,689
0,817
0,161
0,456
0,852
0,528
0,806
0,286
0,166
0,348
0,468
0,632
0,756
0,746
0,862
0,509
0,565
0,52
0,580
0,636
0,230
0,561
0,744
0,510
0,74
0,214
0,573
0,563
0,539
0,523
0,621
0,119
0,115
0,564
0,511
0,834
0,457
0,403
0,687
0,335
0,175
0,760
0,805
0,397
0,688
0,801
0,453
0,803
0,743
0,281
0,333
0,232
0,415
0,81
0,398
0,411
0,3
0,400
0,508
0,341
0,853
0,72
0,73
0,865
0,800
1,17
1,482
1,458
1,334
1,350
1,224
1,777
1,2
1,691
1,529
1,689
1,622
1,745
1,118
1,560
1,799
1,860
1,282
1,619
1,161
1,337
1,625
1,400
1,624
1,153
1,215
1,455
1,623
1,402
1,117
1,225
1,801
1,213
1,18
1,454
1,851
1,401
1,152
1,412
1,756
1,699
1,411
1,566
1,510
1,11
1,461
1,162
1,802
1,587
1,579
1,852
1,806
1,814
1,164
1,580
1,286
1,166
1,632
1,697
1,124
1,766
1,336
1,686
1,528
1,520
1,279
1,299
1,562
1,116
1,280
1,456
1,524
1,692
1,222
1,642
1,746
1,862
1,509
1,565
1,636
1,230
1,123
1,410
1,109
1,561
1,744
1,74
1,214
1,573
1,563
1,539
1,523
1,690
1,621
1,119
1,115
1,348
1,564
1,511
1,457
1,403
1,861
1,399
1,228
1,687
1,335
1,175
1,760
1,805
1,397
1,688
1,453
1,803
1,743
1,281
1,333
1,804
1,415
1,81
1,854
1,288
1,398
1,300
1,3
1,620
1,508
1,341
1,853
1,684
1,815
1,404
1,72
1,73
1,865
1,800
1,245
2,17
2,334
2,72
2,851
2,279
2,687
2,161
2,561
2,457
2,619
2,453
2,686
2,280
2,621
2,854
2,560
2,799
2,620
2,852
2,3
2,528
2,520
2,542
2,456
2,461
2,509
2,226
2,230
2,744
2,563
2,119
2,115
2,403
2,175
2,805
2,397
2,743
2,281
2,333
2,415
2,81
2,398
2,508
2,341
2,73
2,865
3,17
3,624
3,492
3,20
3,167
3,777
3,161
3,619
3,192
3,884
3,766
3,562
3,116
3,280
3,125
3,818
3,642
3,756
3,472
3,226
3,816
3,636
3,625
3,230
3,123
3,109
3,561
3,74
3,539
3,523
3,621
3,119
3,348
3,564
3,403
3,861
3,228
3,687
3,175
3,402
3,805
3,453
3,50
3,281
3,333
3,81
3,411
3,300
3,115
3,799
3,744
3,397
3,520
3,691
3,854
3,214
3,225
3,299
3,152
3,509
3,398
3,743
3,860
3,560
3,336
3,279
3,573
3,862
3,18
3,400
3,697
3,412
3,292
3,415
3,229
3,457
3,351
3,634
3,455
3,635
3,456
3,6
3,350
3,851
3,410
3,803
3,461
3,528
3,337
3,834
3,52
3,686
3,638
3,27
3,706
3,579
3,286
3,521
3,379
3,294
3,344
3,853
3,468
3,620
3,508
3,341
3,343
3,404
3,72
3,568
3,73
3,865
3,800
4,482
4,156
4,116
4,689
4,279
4,817
4,73
4,756
4,619
4,119
4,528
4,806
4,760
4,341
4,468
4,225
4,456
4,76
4,217
4,626
4,283
4,564
4,72
4,744
4,338
4,749
4,693
4,807
4,284
4,694
4,750
4,218
4,629
4,567
4,115
4,155
4,855
4,513
4,562
4,340
4,215
4,219
4,799
4,405
4,455
4,695
4,459
4,808
4,120
4,751
4,620
4,286
4,220
4,5
4,287
4,630
4,6
4,696
4,856
4,752
4,686
4,565
4,623
4,406
4,77
4,402
4,688
4,631
4,75
4,514
4,509
4,853
4,515
4,400
4,342
4,7
4,78
4,753
4,117
4,809
4,516
4,748
4,747
4,687
4,175
4,285
4,743
4,281
4,232
4,216
4,508
4,684
4,568
5,482
5,155
5,809
5,344
5,76
5,744
5,338
5,749
5,807
5,694
5,115
5,279
5,855
5,340
5,219
5,799
5,455
5,459
5,630
5,856
5,752
5,686
5,623
5,406
5,77
5,402
5,509
5,342
5,284
5,156
5,283
5,218
5,689
5,217
5,751
5,286
5,405
5,456
5,696
5,220
5,808
5,693
5,565
5,748
5,567
5,78
5,631
5,626
5,7
5,287
5,75
5,564
5,513
5,747
5,753
5,629
5,117
5,215
5,285
5,695
5,516
5,688
5,514
5,515
5,216
5,620
5,508
5,853
5,684
5,750
5,72
5,568
5,120
5,6
6,482
6,787
6,638
6,155
6,809
6,584
6,350
6,284
6,224
6,156
6,814
6,283
6,699
6,82
6,218
6,191
6,689
6,217
6,751
6,405
6,627
6,461
6,222
6,220
6,808
6,693
6,124
6,429
6,748
6,900
6,631
6,214
6,573
6,626
6,706
6,287
6,75
6,196
6,513
6,616
6,747
6,629
6,643
6,117
6,285
6,695
6,514
6,515
6,803
6,415
6,216
6,620
6,853
6,684
6,750
6,831
6,120
6,744
6,115
6,72
6,565
6,508
6,279
6,568
6,516
6,564
6,799
6,286
6,456
6,344
6,403
6,713
6,688
6,753
6,289
6,76
6,282
6,338
6,749
6,807
6,73
6,694
6,343
6,567
6,855
6,340
6,215
6,219
6,455
6,459
6,630
6,696
6,856
6,752
6,686
6,623
6,406
6,77
6,402
6,509
6,342
6,7
6,78
6,874
7,482
7,155
7,809
7,284
7,156
7,283
7,218
7,689
7,217
7,751
7,286
7,405
7,456
7,220
7,808
7,693
7,565
7,748
7,78
7,631
7,626
7,744
7,115
7,638
7,76
7,338
7,749
7,807
7,694
7,567
7,279
7,855
7,340
7,215
7,219
7,799
7,455
7,459
7,305
7,630
7,696
7,856
7,752
7,686
7,623
7,77
7,344
7,509
7,342
7,287
7,75
7,564
7,513
7,747
7,753
7,629
7,117
7,402
7,285
7,695
7,516
7,688
7,514
7,515
7,406
7,216
7,620
7,21
7,508
7,853
7,684
7,750
7,72
7,568
7,120
8,637
8,526
8,519
8,80
8,91
8,336
8,25
8,354
8,88
8,585
8,570
8,873
8,157
8,9
8,648
8,200
8,163
8,518
8,227
8,332
8,571
8,460
8,290
8,647
9,637
9,526
9,80
9,91
9,336
9,88
9,873
9,290
9,585
9,25
9,354
9,460
9,157
9,518
9,570
9,519
9,647
9,648
9,200
9,163
9,227
9,332
9,571
10,702
10,15
10,494
10,703
10,758
10,16
10,165
10,159
10,349
10,206
10,813
10,522
10,158
10,223
10,812
10,84
10,811
10,408
10,462
11,334
11,350
11,454
11,668
11,161
11,579
11,164
11,528
11,562
11,116
11,580
11,636
11,230
11,744
11,510
11,214
11,573
11,539
11,119
11,115
11,348
11,564
11,457
11,687
11,175
11,805
11,397
11,281
11,415
11,508
11,341
11,213
11,152
11,162
11,885
11,463
11,511
11,416
11,686
11,509
11,280
11,640
11,801
11,520
11,336
11,166
11,743
11,760
11,756
11,453
11,128
11,383
11,398
11,400
11,72
11,73
11,800
11,581
12,171
12,24
12,578
12,662
12,869
12,900
12,577
12,86
12,755
12,779
12,859
12,756
12,511
12,339
12,84
13,584
13,82
13,14
13,344
13,495
13,293
13,757
13,465
14,463
14,160
14,584
14,161
14,82
14,495
14,336
14,293
14,757
14,344
14,348
14,465
15,158
15,408
15,702
15,462
15,84
15,811
15,223
15,703
15,812
15,349
15,758
15,159
15,165
15,522
15,494
15,16
15,206
15,813
16,494
16,158
16,408
16,702
16,462
16,84
16,811
16,223
16,703
16,812
16,349
16,758
16,159
16,165
16,522
16,206
16,813
17,72
17,799
17,397
17,686
17,743
17,398
17,115
17,279
17,453
17,509
17,280
17,800
17,454
17,801
17,213
17,687
17,561
17,116
17,562
17,399
17,400
17,851
17,401
17,619
17,281
17,333
17,563
17,334
17,620
17,802
17,510
17,564
17,214
17,621
17,511
17,622
17,335
17,803
17,852
17,688
17,161
17,806
17,766
17,528
17,520
17,456
17,692
17,230
17,744
17,74
17,539
17,523
17,119
17,457
17,403
17,175
17,805
17,415
17,81
17,508
17,341
17,73
17,865
18,691
18,697
18,560
18,336
18,528
18,279
18,299
18,862
18,744
18,860
18,573
18,539
18,115
18,457
18,854
18,214
18,225
18,520
18,799
18,135
18,51
18,175
18,805
18,397
18,743
18,288
18,398
18,300
18,508
18,72
18,73
19,691
19,397
19,508
20,115
20,634
20,81
20,409
20,456
20,573
20,635
20,289
20,691
20,697
20,560
20,226
20,744
20,351
20,854
20,398
20,508
21,455
21,751
21,344
21,706
21,115
21,516
22,671
23,578
24,868
24,118
24,336
24,86
24,859
24,171
24,577
24,578
24,869
24,339
24,755
24,743
24,316
24,417
24,589
24,600
24,688
24,84
25,519
25,91
25,336
25,585
25,570
25,174
25,28
25,710
25,711
25,819
25,414
25,526
25,231
25,345
25,460
25,80
25,637
25,346
25,354
25,88
25,873
25,157
25,471
25,648
25,355
25,200
25,163
25,518
25,227
25,332
25,571
25,290
25,647
26,398
26,199
26,854
26,508
27,192
27,598
27,691
27,805
27,289
27,508
27,72
28,91
28,336
28,174
28,585
28,354
28,710
28,570
28,711
28,227
28,819
28,414
28,290
28,526
28,231
28,877
28,345
28,355
28,80
28,157
28,648
28,637
28,471
28,346
28,88
28,647
29,442
29,279
29,709
29,72
29,521
29,115
29,289
29,508
30,638
30,344
30,340
31,269
32,573
32,723
32,330
33,743
34,743
35,743
36,743
37,743
38,743
39,743
40,743
41,743
42,743
43,743
44,743
45,743
46,743
47,743
48,743
49,743
50,579
50,336
50,528
50,299
50,860
50,539
50,115
50,175
50,805
50,397
50,520
50,461
50,743
50,854
50,398
50,300
50,508
50,341
50,404
50,72
50,73
51,336
51,759
51,328
52,387
52,415
52,697
52,691
52,115
52,125
52,834
52,744
52,508
52,397
52,79
52,816
52,433
52,569
52,72
52,375
52,289
53,674
53,115
54,64
55,210
56,508
57,508
58,352
58,508
59,278
59,850
59,685
59,872
59,150
60,802
60,84
61,745
61,854
62,743
63,661
65,584
65,343
65,115
65,410
65,803
65,853
66,115
67,226
68,644
69,360
70,854
71,152
72,482
72,155
72,458
72,334
72,809
72,350
72,284
72,777
72,156
72,806
72,283
72,218
72,689
72,566
72,745
72,217
72,884
72,751
72,118
72,766
72,528
72,405
72,125
72,524
72,692
72,818
72,642
72,220
72,808
72,693
72,746
72,862
72,226
72,816
72,565
72,636
72,748
72,123
72,78
72,410
72,109
72,561
72,74
72,631
72,563
72,626
72,523
72,621
72,287
72,75
72,513
72,834
72,457
72,747
72,861
72,629
72,228
72,270
72,175
72,760
72,285
72,805
72,695
72,516
72,514
72,515
72,743
72,333
72,804
72,81
72,288
72,216
72,300
72,341
72,853
72,343
72,684
72,750
72,815
72,404
72,744
72,799
72,560
72,115
72,686
72,520
72,280
72,860
72,509
72,279
72,116
72,400
72,854
72,161
72,119
72,453
72,282
72,624
72,625
72,619
72,508
72,687
72,415
72,286
72,337
72,801
72,213
72,215
72,455
72,623
72,402
72,153
72,690
72,117
72,620
72,397
72,573
72,152
72,562
72,225
72,399
72,214
72,230
72,851
72,401
72,454
72,348
72,470
72,411
72,412
72,403
72,756
72,281
72,461
72,456
72,398
72,167
72,852
72,510
72,162
72,299
72,697
72,407
72,803
72,579
72,701
72,564
72,164
72,580
72,336
72,836
72,166
72,539
72,635
72,632
72,289
72,602
72,598
72,76
72,338
72,749
72,807
72,246
72,694
72,691
72,567
72,855
72,340
72,219
72,459
72,358
72,630
72,696
72,856
72,752
72,406
72,77
72,688
72,342
72,753
72,568
72,73
72,120
72,865
72,800
72,874
72,245
73,482
73,458
73,777
73,529
73,689
73,118
73,766
73,469
73,203
73,692
73,789
73,222
73,160
73,642
73,746
73,109
73,755
73,403
73,861
73,722
73,175
73,760
73,307
73,512
73,288
73,300
73,568
73,397
73,398
73,115
73,854
73,743
73,560
73,520
73,799
73,686
73,279
73,687
73,116
73,509
73,280
73,119
73,860
73,299
73,561
73,415
73,453
73,400
73,281
73,562
73,454
73,619
73,688
73,282
73,161
73,801
73,213
73,745
73,625
73,508
73,566
73,337
73,528
73,624
73,804
73,153
73,690
73,215
73,455
73,457
73,623
73,402
73,853
73,117
73,214
73,225
73,744
73,620
73,862
73,573
73,565
73,339
73,697
73,230
73,404
73,399
73,563
73,756
73,341
73,851
73,621
73,401
73,335
73,803
73,348
73,636
73,814
73,333
73,152
73,523
73,412
73,410
73,123
73,74
73,699
73,411
73,691
73,805
73,224
73,651
73,806
73,334
73,579
73,167
73,228
73,510
73,564
73,350
73,517
73,286
73,632
73,802
73,587
73,511
73,622
73,81
73,852
73,352
73,461
73,524
73,164
73,580
73,336
73,169
73,166
73,539
73,162
73,466
73,315
73,817
73,886
73,168
73,456
73,122
73,409
73,124
73,232
73,468
73,865
73,800
74,482
74,458
74,777
74,806
74,691
74,689
74,118
74,766
74,336
74,528
74,456
74,692
74,461
74,746
74,565
74,230
74,109
74,744
74,116
74,397
74,799
74,686
74,398
74,687
74,119
74,279
74,400
74,560
74,625
74,282
74,624
74,804
74,153
74,690
74,562
74,215
74,745
74,455
74,561
74,566
74,619
74,281
74,623
74,402
74,688
74,743
74,853
74,117
74,337
74,800
74,509
74,280
74,520
74,399
74,415
74,801
74,213
74,454
74,453
74,161
74,348
74,152
74,412
74,621
74,410
74,123
74,404
74,620
74,756
74,636
74,862
74,524
74,214
74,225
74,632
74,640
74,539
74,523
74,778
74,115
74,457
74,403
74,861
74,805
74,81
74,244
74,508
74,341
75,482
75,155
75,809
75,284
75,156
75,283
75,218
75,191
75,689
75,217
75,751
75,286
75,405
75,456
75,220
75,808
75,693
75,748
75,631
75,287
75,627
75,744
75,154
75,76
75,626
75,338
75,749
75,807
75,694
75,567
75,115
75,279
75,855
75,340
75,219
75,455
75,459
75,630
75,696
75,856
75,752
75,686
75,565
75,623
75,406
75,77
75,509
75,342
75,78
75,753
75,564
75,513
75,747
75,629
75,799
75,117
75,215
75,402
75,285
75,695
75,516
75,688
75,514
75,515
75,216
75,620
75,508
75,853
75,684
75,750
75,568
75,120
76,482
76,623
76,155
76,809
76,284
76,156
76,283
76,218
76,455
76,219
76,689
76,342
76,217
76,751
76,286
76,686
76,279
76,405
76,456
76,338
76,696
76,220
76,808
76,693
76,509
76,694
76,565
76,748
76,749
76,567
76,807
76,78
76,752
76,744
76,631
76,626
76,459
76,287
76,115
76,564
76,855
76,513
76,747
76,753
76,629
76,856
76,799
76,340
76,117
76,215
76,402
76,285
76,695
76,516
76,688
76,514
76,515
76,406
76,216
76,620
76,630
76,508
76,853
76,684
76,77
76,750
76,568
76,120
77,482
77,623
77,155
77,809
77,284
77,156
77,283
77,218
77,455
77,219
77,689
77,342
77,217
77,751
77,286
77,686
77,279
77,405
77,456
77,338
77,696
77,220
77,808
77,693
77,509
77,694
77,565
77,748
77,749
77,567
77,807
77,78
77,752
77,744
77,631
77,626
77,459
77,344
77,287
77,115
77,564
77,855
77,513
77,747
77,753
77,629
77,856
77,799
77,340
77,117
77,215
77,402
77,285
77,695
77,516
77,688
77,514
77,515
77,406
77,216
77,620
77,630
77,508
77,853
77,684
77,750
77,568
77,120
78,482
78,155
78,809
78,284
78,156
78,283
78,218
78,689
78,217
78,751
78,286
78,405
78,456
78,220
78,808
78,693
78,565
78,748
78,744
78,338
78,749
78,807
78,694
78,567
78,115
78,279
78,855
78,340
78,215
78,219
78,799
78,455
78,459
78,630
78,696
78,856
78,752
78,686
78,623
78,406
78,402
78,688
78,509
78,342
78,753
78,631
78,626
78,287
78,564
78,513
78,747
78,629
78,117
78,285
78,695
78,516
78,514
78,515
78,216
78,620
78,508
78,853
78,684
78,750
78,568
78,120
79,433
79,508
79,292
79,115
79,400
79,569
79,697
79,709
79,375
79,289
79,415
80,637
80,231
80,290
80,345
80,157
80,526
80,571
80,460
80,518
80,346
80,519
80,91
80,336
80,414
80,354
80,88
80,585
80,570
80,710
80,873
80,471
80,174
80,648
80,355
80,819
80,200
80,163
80,227
80,332
80,647
80,711
81,806
81,766
81,746
81,226
81,539
81,403
81,115
81,520
81,397
81,415
81,744
81,161
81,341
81,453
81,743
81,509
81,280
81,800
81,801
81,213
81,454
81,279
81,799
81,686
81,687
81,456
81,562
81,119
81,865
81,561
81,116
81,399
81,400
81,528
81,230
81,523
81,401
81,854
81,560
81,409
81,699
81,411
81,563
81,335
81,803
81,620
81,805
81,224
81,337
81,333
81,851
81,175
81,457
81,619
81,281
81,587
81,565
81,688
81,243
81,351
81,485
81,818
81,632
81,398
81,508
82,584
82,344
82,516
82,638
82,565
82,495
82,293
82,757
82,465
83,350
83,115
83,521
83,508
84,494
84,703
84,463
84,160
84,756
84,152
84,499
84,206
84,813
84,675
84,394
84,794
84,448
84,859
84,575
84,578
84,576
84,86
84,171
84,577
84,869
84,339
84,755
84,802
84,158
84,408
84,702
84,462
84,811
84,223
84,812
84,349
84,758
84,159
84,165
84,434
84,522
85,493
86,577
86,859
86,171
86,578
86,869
86,339
86,755
87,260
87,127
87,721
87,255
88,91
88,336
88,585
88,570
88,290
88,174
88,354
88,345
88,710
88,157
88,819
88,414
88,526
88,231
88,571
88,460
88,637
88,518
88,346
88,519
88,873
88,471
88,648
88,355
88,200
88,163
88,227
88,332
88,647
88,711
89,575
89,650
89,859
89,576
90,799
91,290
91,526
91,585
91,354
91,157
91,648
91,637
91,570
91,647
91,336
91,231
91,174
91,345
91,571
91,460
91,355
91,710
91,518
91,346
91,711
91,519
91,163
91,819
91,414
91,873
91,471
91,200
91,227
91,332
92,453
93,743
94,743
95,743
96,743
97,743
98,743
99,336
99,348
100,726
101,830
101,356
101,901
101,212
102,508
103,508
104,508
105,508
106,508
107,336
107,126
108,743
109,116
109,115
109,562
109,508
109,161
109,397
109,805
109,348
109,743
109,800
109,744
109,560
109,152
109,523
109,412
109,621
109,410
109,123
109,799
109,404
109,457
109,861
109,620
109,625
109,756
109,777
109,686
109,636
109,509
109,280
109,766
109,862
109,398
109,524
109,214
109,225
109,778
109,403
109,279
109,520
109,687
109,336
109,119
109,461
109,399
109,244
109,632
109,640
109,539
110,277
110,198
111,508
112,508
113,691
113,803
113,397
114,264
115,482
115,170
115,787
115,638
115,842
115,155
115,809
115,320
115,584
115,284
115,224
115,777
115,156
115,832
115,814
115,283
115,699
115,218
115,895
115,385
115,689
115,342
115,217
115,352
115,192
115,751
115,118
115,766
115,469
115,845
115,528
115,387
115,405
115,323
115,456
115,674
115,838
115,897
115,692
115,696
115,324
115,818
115,222
115,642
115,220
115,808
115,693
115,746
115,641
115,748
115,123
115,567
115,900
115,807
115,752
115,631
115,563
115,626
115,459
115,523
115,344
115,713
115,287
115,744
115,560
115,520
115,686
115,279
115,116
115,299
115,509
115,280
115,860
115,281
115,561
115,161
115,562
115,119
115,286
115,453
115,624
115,625
115,619
115,282
115,623
115,862
115,565
115,621
115,801
115,213
115,404
115,454
115,804
115,153
115,690
115,745
115,455
115,566
115,214
115,691
115,573
115,225
115,410
115,399
115,152
115,348
115,230
115,401
115,228
115,461
115,333
115,851
115,411
115,412
115,756
115,409
115,470
115,380
115,817
115,579
115,167
115,697
115,226
115,334
115,542
115,510
115,524
115,701
115,521
115,632
115,162
115,292
115,350
115,815
115,517
115,852
115,806
115,866
115,164
115,884
115,778
115,580
115,336
115,836
115,166
115,539
115,294
115,636
115,244
115,640
115,507
115,137
115,338
115,749
115,694
115,168
115,855
115,340
115,219
115,798
115,635
115,458
115,856
115,810
115,124
115,564
115,513
115,834
115,616
115,457
115,747
115,403
115,753
115,861
115,722
115,252
115,629
115,687
115,799
115,329
115,117
115,215
115,175
115,402
115,760
115,489
115,285
115,351
115,805
115,695
115,516
115,397
115,688
115,514
115,515
115,379
115,307
115,246
115,803
115,743
115,289
115,449
115,415
115,854
115,288
115,406
115,216
115,398
115,300
115,400
115,620
115,630
115,508
115,341
115,853
115,343
115,466
115,684
115,558
115,750
115,568
115,337
115,120
115,865
115,800
115,245
116,482
116,458
116,777
116,691
116,566
116,622
116,745
116,884
116,118
116,766
116,336
116,799
116,686
116,400
116,560
116,624
116,625
116,337
116,520
116,279
116,619
116,161
116,620
116,282
116,153
116,690
116,215
116,455
116,623
116,402
116,117
116,562
116,801
116,213
116,152
116,411
116,399
116,528
116,348
116,454
116,806
116,412
116,699
116,224
116,225
116,579
116,573
116,162
116,524
116,689
116,817
116,164
116,580
116,802
116,851
116,468
116,334
116,286
116,166
116,632
116,640
116,350
116,280
116,456
116,692
116,818
116,461
116,756
116,746
116,862
116,509
116,565
116,636
116,230
116,123
116,410
116,561
116,744
116,510
116,214
116,563
116,539
116,523
116,621
116,778
116,119
116,564
116,511
116,457
116,403
116,861
116,687
116,335
116,175
116,760
116,805
116,397
116,688
116,453
116,803
116,743
116,281
116,232
116,804
116,415
116,398
116,244
116,508
116,341
116,853
116,404
116,800
117,482
117,155
117,458
117,809
117,454
117,156
117,806
117,283
117,691
117,619
117,689
117,566
117,745
117,217
117,118
117,286
117,560
117,336
117,528
117,456
117,692
117,220
117,746
117,282
117,748
117,561
117,631
117,539
117,513
117,457
117,747
117,403
117,629
117,687
117,153
117,402
117,799
117,686
117,623
117,624
117,690
117,625
117,119
117,400
117,337
117,279
117,744
117,565
117,638
117,626
117,564
117,350
117,338
117,749
117,693
117,807
117,284
117,694
117,750
117,218
117,567
117,855
117,340
117,219
117,405
117,455
117,803
117,695
117,459
117,808
117,120
117,751
117,287
117,696
117,856
117,752
117,406
117,514
117,509
117,515
117,342
117,753
117,215
117,285
117,805
117,516
117,397
117,688
117,281
117,804
117,216
117,398
117,620
117,630
117,508
117,853
117,684
117,568
118,482
118,529
118,316
118,745
118,508
118,398
118,282
118,624
118,560
118,397
118,566
118,565
118,746
118,744
118,804
118,689
118,153
118,687
118,215
118,799
118,454
118,455
118,561
118,457
118,625
118,619
118,281
118,456
118,458
118,119
118,686
118,623
118,402
118,853
118,400
118,806
118,337
118,279
118,854
118,466
118,691
118,288
118,336
118,528
118,417
118,692
118,589
118,755
118,600
118,539
118,868
118,690
118,403
118,805
118,688
119,482
119,623
119,458
119,224
119,699
119,691
119,468
119,455
119,689
119,566
119,745
119,766
119,692
119,461
119,746
119,282
119,565
119,625
119,640
119,778
119,799
119,509
119,400
119,520
119,279
119,624
119,337
119,744
119,686
119,690
119,280
119,161
119,230
119,213
119,620
119,562
119,528
119,564
119,399
119,619
119,851
119,621
119,756
119,560
119,454
119,336
119,636
119,333
119,152
119,523
119,884
119,865
119,410
119,123
119,404
119,561
119,818
119,862
119,214
119,334
119,510
119,563
119,456
119,806
119,573
119,162
119,802
119,350
119,817
119,511
119,622
119,579
119,852
119,524
119,164
119,580
119,286
119,166
119,539
119,632
119,348
119,457
119,403
119,687
119,153
119,335
119,215
119,175
119,402
119,760
119,805
119,397
119,688
119,801
119,453
119,803
119,743
119,281
119,225
119,232
119,804
119,415
119,398
119,411
119,244
119,508
119,341
119,853
119,800
120,482
120,638
120,155
120,809
120,284
120,156
120,283
120,218
120,689
120,217
120,751
120,286
120,405
120,456
120,220
120,808
120,693
120,748
120,631
120,344
120,564
120,513
120,747
120,629
120,285
120,516
120,514
120,515
120,216
120,620
120,508
120,853
120,684
120,750
120,568
120,744
120,706
120,626
120,338
120,749
120,807
120,694
120,567
120,279
120,855
120,340
120,215
120,219
120,799
120,455
120,695
120,459
120,287
120,630
120,696
120,856
120,752
120,686
120,565
120,623
120,406
120,402
120,688
120,509
120,342
120,753
121,170
121,691
121,192
121,203
121,508
122,350
122,565
122,854
122,517
122,900
122,307
122,803
123,777
123,766
123,336
123,230
123,560
123,152
123,621
123,410
123,562
123,161
123,799
123,404
123,457
123,620
123,397
123,686
123,743
123,636
123,509
123,280
123,862
123,800
123,624
123,884
123,411
123,412
123,625
123,756
123,281
123,818
123,348
123,744
123,539
123,523
123,564
123,861
123,805
123,508
124,814
124,517
124,746
124,568
124,853
124,282
124,279
124,341
124,744
124,690
124,628
124,398
124,508
124,343
124,684
124,404
125,691
125,387
125,816
125,834
125,289
125,697
125,835
125,397
125,415
126,336
127,260
128,162
128,416
128,463
128,213
128,640
128,743
129,743
130,221
130,743
131,743
132,743
133,743
134,336
134,172
134,642
134,681
134,575
134,463
135,336
136,351
136,866
136,697
136,299
136,314
136,226
136,508
137,508
138,508
139,508
140,742
141,336
141,348
142,708
143,641
143,508
144,508
145,744
145,686
146,508
147,508
148,336
149,160
149,336
150,872
150,278
151,344
151,799
151,808
151,706
151,215
151,751
152,412
152,624
152,777
152,668
152,885
152,884
152,560
152,166
152,766
152,686
152,562
152,280
152,818
152,463
152,862
152,509
152,636
152,799
152,336
152,756
152,213
152,221
152,161
152,484
152,398
152,691
152,188
152,754
152,759
152,802
152,376
152,195
152,315
152,225
152,644
152,806
152,625
152,230
152,410
152,744
152,539
152,481
152,523
152,621
152,348
152,564
152,511
152,457
152,861
152,383
152,760
152,805
152,397
152,801
152,453
152,743
152,281
152,411
152,620
152,508
152,404
152,800
152,581
153,482
153,458
153,454
153,806
153,691
153,619
153,689
153,566
153,745
153,560
153,336
153,528
153,456
153,692
153,746
153,282
153,565
153,561
153,744
153,539
153,457
153,403
153,687
153,624
153,690
153,799
153,455
153,625
153,686
153,623
153,402
153,400
153,337
153,279
153,215
153,805
153,397
153,688
153,281
153,804
153,398
153,508
153,853
154,482
154,688
154,627
154,744
154,508
155,482
155,344
155,516
155,338
155,855
155,217
155,626
155,283
155,564
155,744
155,749
155,693
155,807
155,284
155,694
155,750
155,218
155,567
155,279
155,513
155,340
155,215
155,219
155,799
155,405
155,455
155,695
155,459
155,808
155,751
155,286
155,220
155,287
155,630
155,696
155,856
155,752
155,686
155,565
155,623
155,406
155,402
155,688
155,514
155,509
155,853
155,515
155,342
155,753
155,809
155,156
155,689
155,456
155,748
155,631
155,747
155,629
155,285
155,216
155,620
155,508
155,684
155,568
156,482
156,216
156,217
156,626
156,283
156,747
156,564
156,744
156,338
156,748
156,689
156,749
156,693
156,807
156,284
156,694
156,750
156,218
156,629
156,567
156,279
156,285
156,855
156,513
156,508
156,340
156,215
156,219
156,799
156,405
156,455
156,695
156,459
156,808
156,751
156,620
156,286
156,220
156,287
156,630
156,456
156,696
156,856
156,752
156,686
156,565
156,623
156,406
156,402
156,688
156,631
156,514
156,509
156,853
156,515
156,342
156,753
156,809
156,516
156,684
156,568
157,637
157,526
157,231
157,345
157,519
157,336
157,354
157,873
157,290
157,585
157,570
157,460
157,710
157,518
157,346
157,414
157,471
157,174
157,648
157,355
157,819
157,200
157,163
157,227
157,332
157,571
157,647
157,711
158,702
158,494
158,703
158,758
158,165
158,159
158,349
158,206
158,813
158,522
158,408
158,462
158,223
158,812
158,811
159,702
159,494
159,703
159,758
159,165
159,408
159,462
159,349
159,206
159,813
159,522
159,223
159,812
159,811
160,161
160,691
160,315
160,511
160,463
160,759
160,756
160,859
160,221
160,754
160,745
160,336
160,854
160,737
160,743
161,334
161,350
161,777
161,799
161,213
161,454
161,620
161,560
161,411
161,399
161,400
161,851
161,401
161,221
161,624
161,412
161,625
161,699
161,224
161,337
161,759
161,802
161,579
161,852
161,859
161,225
161,164
161,580
161,162
161,640
161,525
161,806
161,619
161,622
161,632
161,884
161,766
161,336
161,686
161,528
161,520
161,279
161,562
161,280
161,456
161,524
161,754
161,692
161,818
161,461
161,463
161,756
161,862
161,509
161,636
161,230
161,410
161,561
161,744
161,510
161,214
161,573
161,563
161,539
161,481
161,523
161,621
161,778
161,348
161,564
161,511
161,457
161,268
161,403
161,861
161,687
161,335
161,175
161,760
161,737
161,805
161,397
161,801
161,453
161,803
161,743
161,281
161,333
161,415
161,398
161,244
161,508
161,341
161,404
161,865
161,800
161,581
162,334
162,350
162,167
162,454
162,668
162,520
162,509
162,213
162,416
162,640
162,166
162,579
162,686
162,528
162,562
162,280
162,863
162,463
162,230
162,744
162,510
162,214
162,573
162,539
162,348
162,564
162,457
162,687
162,175
162,760
162,805
162,397
162,453
162,743
162,281
162,415
162,398
162,341
162,800
163,526
163,336
163,873
163,648
163,200
163,290
163,585
163,354
163,571
163,460
163,637
163,518
163,570
163,519
163,647
163,227
163,332
164,350
164,454
164,579
164,800
164,398
164,339
164,691
164,539
164,686
164,509
164,400
164,167
164,528
164,562
164,484
164,280
164,580
164,636
164,230
164,744
164,214
164,564
164,687
164,175
164,760
164,397
164,743
164,281
164,415
164,508
164,341
165,494
165,703
165,758
165,408
165,702
165,462
165,349
165,522
165,206
165,813
165,223
165,812
165,811
166,454
166,668
166,560
166,801
166,581
166,213
166,225
166,279
166,520
166,167
166,286
166,453
166,280
166,632
166,336
166,686
166,528
166,562
166,524
166,863
166,862
166,509
166,230
166,744
166,539
166,348
166,403
166,687
166,175
166,805
166,397
166,743
166,281
166,398
166,508
167,860
167,560
167,279
167,520
167,799
167,453
167,668
167,691
167,528
167,299
167,484
167,863
167,642
167,744
167,348
167,457
167,228
167,175
167,805
167,397
167,398
167,300
167,508
167,341
167,404
168,814
168,307
168,565
168,508
169,691
169,352
169,697
169,854
169,397
169,508
170,697
170,517
170,691
170,192
170,203
170,387
170,351
170,289
170,508
170,486
171,859
171,575
171,576
171,291
171,577
171,578
171,339
171,755
171,700
171,869
171,541
171,604
171,303
172,213
172,453
173,697
173,846
173,400
173,457
173,397
173,508
174,336
174,585
174,710
174,570
174,227
174,819
174,414
174,290
174,526
174,231
174,354
174,345
174,637
174,471
174,346
174,648
174,355
174,647
174,711
175,398
175,528
175,397
175,520
175,744
175,457
175,860
175,300
175,299
175,560
175,336
175,854
175,280
175,279
175,509
175,799
175,686
175,687
175,453
175,230
175,454
175,865
175,561
175,800
175,806
175,214
175,619
175,225
175,573
175,456
175,539
175,851
175,403
175,801
175,213
175,562
175,620
175,333
175,563
175,862
175,803
175,523
175,622
175,401
175,228
175,335
175,334
175,337
175,564
175,691
175,404
175,642
175,461
175,699
175,411
175,463
175,224
175,510
175,817
175,579
175,852
175,636
175,359
175,756
175,802
175,350
175,815
175,621
175,511
175,410
175,692
175,400
175,245
175,652
175,762
175,588
175,524
175,581
175,689
175,580
175,286
175,348
175,632
175,468
175,760
175,805
175,743
175,281
175,232
175,415
175,508
175,341
176,344
176,688
177,743
178,743
179,743
180,743
181,743
182,743
183,743
184,743
185,743
186,743
187,743
188,336
188,484
189,336
190,686
190,222
190,565
190,508
190,688
191,627
191,508
191,215
191,686
191,688
192,691
192,517
192,508
192,203
193,574
193,645
193,707
193,743
193,466
193,581
194,645
195,315
195,644
195,463
195,511
195,743
196,279
196,565
196,402
196,343
197,876
197,221
197,859
197,575
197,578
197,576
197,466
197,303
198,277
198,450
199,398
199,854
199,508
200,290
200,526
200,585
200,354
200,571
200,460
200,648
200,637
200,518
200,570
200,519
200,647
200,336
200,227
200,873
200,332
201,857
201,464
201,733
201,859
202,508
202,560
203,691
203,697
203,352
203,854
204,743
205,889
205,279
206,408
206,702
206,462
206,813
206,811
206,223
206,703
206,812
206,349
206,758
206,494
206,522
207,508
208,508
208,799
209,508
211,508
212,901
212,830
212,356
213,224
213,454
213,668
213,806
213,699
213,401
213,885
213,520
213,799
213,400
213,640
213,759
213,766
213,416
213,336
213,686
213,528
213,279
213,562
213,280
213,456
213,754
213,463
213,756
213,509
213,230
213,561
213,744
213,563
213,539
213,523
213,348
213,511
213,457
213,268
213,403
213,399
213,687
213,335
213,383
213,760
213,805
213,397
213,801
213,453
213,803
213,743
213,415
213,398
213,411
213,620
213,508
213,341
213,337
213,865
213,800
213,581
214,334
214,454
214,806
214,691
214,619
214,622
214,632
214,560
214,766
214,336
214,528
214,299
214,524
214,692
214,461
214,862
214,636
214,230
214,640
214,860
214,520
214,225
214,799
214,800
214,350
214,802
214,562
214,579
214,281
214,686
214,509
214,280
214,744
214,580
214,400
214,510
214,279
214,286
214,568
214,458
214,573
214,563
214,539
214,851
214,621
214,778
214,348
214,564
214,511
214,457
214,403
214,399
214,687
214,335
214,760
214,805
214,397
214,803
214,743
214,415
214,854
214,398
214,300
214,620
214,244
214,508
214,341
215,482
215,458
215,809
215,284
215,454
215,806
215,283
215,218
215,691
215,689
215,566
215,745
215,217
215,751
215,286
215,560
215,336
215,528
215,405
215,456
215,692
215,220
215,808
215,693
215,746
215,709
215,748
215,561
215,631
215,626
215,539
215,344
215,287
215,513
215,457
215,747
215,403
215,753
215,629
215,687
215,799
215,402
215,455
215,686
215,623
215,282
215,624
215,690
215,279
215,625
215,619
215,400
215,337
215,744
215,565
215,721
215,564
215,338
215,749
215,807
215,694
215,567
215,855
215,340
215,219
215,334
215,459
215,305
215,696
215,856
215,752
215,810
215,406
215,509
215,342
215,285
215,805
215,695
215,516
215,397
215,688
215,514
215,515
215,281
215,804
215,288
215,216
215,398
215,233
215,620
215,630
215,508
215,853
215,684
215,750
215,568
216,482
216,285
216,217
216,626
216,283
216,747
216,564
216,744
216,338
216,748
216,689
216,749
216,693
216,807
216,284
216,694
216,750
216,218
216,629
216,567
216,279
216,855
216,513
216,508
216,340
216,219
216,799
216,405
216,455
216,695
216,459
216,808
216,751
216,620
216,286
216,220
216,287
216,630
216,456
216,696
216,856
216,752
216,686
216,565
216,623
216,406
216,402
216,688
216,631
216,514
216,509
216,853
216,515
216,342
216,753
216,809
216,516
216,684
216,568
217,482
217,283
217,689
217,626
217,564
217,744
217,338
217,749
217,693
217,807
217,284
217,694
217,750
217,218
217,567
217,279
217,855
217,340
217,219
217,799
217,405
217,455
217,695
217,459
217,808
217,751
217,220
217,287
217,630
217,696
217,856
217,752
217,686
217,623
217,406
217,402
217,688
217,514
217,509
217,853
217,515
217,342
217,753
217,809
217,286
217,456
217,565
217,748
217,631
217,344
217,513
217,747
217,629
217,285
217,516
217,620
217,508
217,684
217,568
218,482
218,809
218,284
218,283
218,626
218,744
218,338
218,749
218,807
218,694
218,567
218,279
218,855
218,340
218,219
218,799
218,405
218,455
218,695
218,459
218,808
218,287
218,630
218,696
218,856
218,752
218,686
218,623
218,406
218,402
218,688
218,514
218,509
218,515
218,342
218,753
218,689
218,751
218,286
218,456
218,220
218,693
218,565
218,748
218,631
218,564
218,513
218,747
218,629
218,285
218,516
218,620
218,508
218,853
218,684
218,750
218,568
219,482
219,623
219,809
219,284
219,283
219,455
219,689
219,342
219,751
219,286
219,686
219,279
219,405
219,456
219,338
219,696
219,220
219,808
219,693
219,509
219,694
219,565
219,748
219,749
219,567
219,807
219,752
219,744
219,631
219,626
219,459
219,287
219,564
219,855
219,513
219,747
219,753
219,629
219,856
219,799
219,340
219,402
219,285
219,695
219,516
219,688
219,514
219,515
219,406
219,620
219,630
219,508
219,853
219,684
219,750
219,568
220,482
220,809
220,283
220,689
220,286
220,456
220,626
220,564
220,744
220,338
220,749
220,693
220,807
220,284
220,694
220,750
220,567
220,279
220,855
220,340
220,799
220,405
220,455
220,695
220,459
220,808
220,751
220,287
220,630
220,696
220,856
220,752
220,686
220,623
220,406
220,402
220,688
220,514
220,509
220,853
220,515
220,342
220,753
220,565
220,748
220,631
220,513
220,747
220,629
220,285
220,516
220,620
220,508
220,684
220,568
221,336
221,756
221,859
221,576
221,575
222,224
222,686
222,565
222,814
222,398
222,282
222,560
222,746
222,744
222,690
222,688
222,508
223,494
223,703
223,758
223,813
223,408
223,702
223,462
223,811
223,812
223,349
223,522
224,801
224,699
224,411
224,520
224,687
224,620
224,805
224,341
224,453
224,509
224,280
224,337
224,688
224,454
224,806
224,528
224,562
224,456
224,744
224,563
224,539
224,335
224,397
224,803
224,743
224,415
224,398
224,508
224,800
225,454
225,691
225,468
225,689
225,632
225,286
225,560
225,766
225,336
225,686
225,520
225,299
225,562
225,280
225,524
225,461
225,862
225,509
225,565
225,230
225,640
225,744
225,860
225,573
225,539
225,778
225,348
225,457
225,403
225,399
225,687
225,799
225,760
225,805
225,397
225,688
225,743
225,279
225,817
225,756
225,619
225,281
225,456
225,528
225,400
225,806
225,232
225,854
225,398
225,300
225,244
225,508
225,341
225,568
226,606
226,353
226,792
226,560
226,691
226,299
226,351
226,398
226,744
226,635
226,409
226,621
226,542
226,461
226,697
226,397
226,456
226,400
226,866
226,229
226,314
226,624
226,483
226,634
226,279
226,289
226,527
226,468
226,573
226,564
226,688
226,307
226,854
226,508
226,558
227,231
227,471
227,355
227,819
227,570
227,526
227,585
227,354
227,345
227,571
227,460
227,710
227,648
227,637
227,518
227,346
227,519
227,336
227,414
227,873
227,332
227,290
227,647
227,711
228,691
228,336
228,528
228,299
228,642
228,636
228,744
228,539
228,860
228,398
228,560
228,279
228,457
228,520
228,799
228,854
228,404
228,339
228,745
228,805
228,397
228,300
228,508
228,341
229,691
229,468
229,400
229,299
229,697
229,397
229,635
229,508
230,401
230,766
230,692
230,686
230,509
230,280
230,520
230,799
230,454
230,562
230,687
230,800
230,279
230,281
230,528
230,564
230,400
230,620
230,399
230,851
230,621
230,619
230,560
230,336
230,636
230,624
230,333
230,884
230,411
230,410
230,404
230,756
230,818
230,862
230,334
230,510
230,563
230,456
230,573
230,802
230,350
230,511
230,622
230,335
230,803
230,579
230,852
230,806
230,524
230,580
230,286
230,348
230,632
230,561
230,744
230,539
230,523
230,457
230,403
230,760
230,805
230,397
230,801
230,453
230,743
230,415
230,398
230,508
230,341
230,865
231,345
231,637
231,570
231,414
231,290
231,526
231,346
231,336
231,354
231,585
231,710
231,471
231,648
231,355
231,819
231,647
231,711
232,687
232,743
232,279
232,689
232,817
232,562
232,756
232,619
232,281
232,456
232,528
232,806
232,760
232,468
232,397
232,400
232,341
233,344
233,706
233,799
233,340
233,744
233,627
233,565
233,688
233,508
234,799
235,888
235,432
235,413
235,583
235,466
235,639
235,676
236,743
237,743
238,743
239,743
240,743
241,743
242,743
243,289
243,659
243,456
243,797
244,766
244,461
244,778
244,403
244,805
244,398
244,862
244,524
244,279
244,520
244,562
244,687
244,336
244,397
244,399
244,348
244,743
244,632
244,640
244,508
245,336
245,528
245,520
245,299
245,539
245,805
245,397
245,300
245,508
245,341
245,854
245,860
245,398
245,560
245,815
245,457
245,461
245,743
245,799
245,691
246,456
246,691
246,573
246,289
246,854
246,568
247,524
247,344
248,508
249,508
250,508
251,508
252,415
252,397
252,805
252,508
253,508
253,568
254,508
255,683
255,721
255,665
256,859
256,575
256,578
256,700
256,576
256,466
257,858
257,508
257,872
258,582
258,704
259,510
259,282
259,508
259,286
259,744
259,564
261,871
262,508
263,336
264,511
265,466
266,339
267,743
268,801
268,760
268,754
268,756
268,453
268,348
269,651
269,712
270,398
270,508
270,358
271,859
271,763
272,743
273,743
274,317
275,720
276,325
278,872
279,482
279,787
279,334
279,809
279,584
279,284
279,283
279,699
279,468
279,455
279,689
279,342
279,566
279,745
279,751
279,766
279,520
279,400
279,800
279,801
279,454
279,686
279,690
279,528
279,691
279,399
279,560
279,336
279,401
279,286
279,817
279,619
279,852
279,623
279,806
279,632
279,289
279,624
279,831
279,640
279,709
279,429
279,832
279,749
279,705
279,694
279,630
279,458
279,856
279,405
279,299
279,562
279,280
279,456
279,338
279,897
279,524
279,692
279,696
279,461
279,642
279,756
279,808
279,693
279,746
279,862
279,792
279,282
279,509
279,565
279,636
279,748
279,625
279,567
279,807
279,752
279,561
279,734
279,744
279,860
279,631
279,573
279,563
279,626
279,539
279,459
279,523
279,344
279,851
279,778
279,287
279,348
279,564
279,855
279,513
279,616
279,457
279,747
279,403
279,753
279,629
279,687
279,799
279,340
279,402
279,760
279,285
279,805
279,695
279,516
279,397
279,688
279,514
279,515
279,453
279,803
279,743
279,281
279,333
279,804
279,415
279,854
279,288
279,406
279,398
279,300
279,620
279,508
279,341
279,853
279,343
279,684
279,750
279,404
279,568
279,337
279,865
279,874
280,334
280,777
280,806
280,699
280,401
280,619
280,884
280,560
280,766
280,336
280,799
280,520
280,620
280,400
280,399
280,292
280,624
280,851
280,412
280,337
280,579
280,350
280,562
280,454
280,852
280,686
280,528
280,286
280,632
280,691
280,456
280,524
280,818
280,756
280,472
280,862
280,509
280,580
280,636
280,625
280,410
280,561
280,744
280,510
280,573
280,563
280,539
280,523
280,621
280,348
280,564
280,457
280,403
280,861
280,687
280,335
280,760
280,805
280,397
280,801
280,453
280,803
280,743
280,281
280,333
280,415
280,398
280,411
280,508
280,341
280,404
280,865
280,800
281,482
281,458
281,334
281,454
281,691
281,884
281,766
281,336
281,562
281,456
281,692
281,818
281,746
281,565
281,636
281,410
281,744
281,563
281,523
281,621
281,564
281,403
281,805
281,397
281,688
281,799
281,686
281,619
281,624
281,561
281,400
281,560
281,282
281,804
281,690
281,745
281,455
281,625
281,566
281,623
281,402
281,337
281,687
281,743
281,509
281,457
281,620
281,333
281,851
281,453
281,520
281,510
281,573
281,528
281,350
281,579
281,756
281,852
281,468
281,806
281,862
281,524
281,689
281,817
281,760
281,580
281,286
281,539
281,348
281,632
281,415
281,398
281,411
281,508
281,341
281,853
281,404
281,865
281,800
282,482
282,841
282,458
282,454
282,806
282,691
282,529
282,689
282,566
282,745
282,560
282,336
282,353
282,456
282,692
282,756
282,746
282,624
282,455
282,625
282,619
282,686
282,623
282,400
282,337
282,814
282,286
282,528
282,632
282,694
282,565
282,561
282,744
282,510
282,539
282,713
282,690
282,564
282,457
282,403
282,687
282,799
282,402
282,805
282,397
282,688
282,333
282,804
282,415
282,854
282,288
282,398
282,470
282,508
282,853
282,343
282,684
283,482
283,626
283,564
283,744
283,338
283,749
283,693
283,807
283,284
283,694
283,750
283,567
283,855
283,340
283,799
283,405
283,455
283,695
283,459
283,808
283,751
283,286
283,287
283,630
283,696
283,856
283,752
283,686
283,565
283,623
283,406
283,402
283,688
283,514
283,509
283,853
283,515
283,342
283,753
283,809
283,516
283,689
283,456
283,748
283,631
283,513
283,747
283,629
283,285
283,620
283,508
283,684
283,568
284,482
284,809
284,626
284,744
284,338
284,749
284,807
284,694
284,750
284,567
284,855
284,340
284,799
284,405
284,455
284,695
284,459
284,808
284,287
284,630
284,696
284,856
284,752
284,686
284,623
284,406
284,402
284,688
284,514
284,509
284,853
284,515
284,342
284,753
284,689
284,751
284,286
284,456
284,693
284,565
284,748
284,631
284,564
284,513
284,747
284,629
284,285
284,516
284,620
284,508
284,684
284,568
285,482
285,626
285,747
285,564
285,744
285,338
285,748
285,689
285,749
285,693
285,807
285,694
285,750
285,629
285,567
285,855
285,513
285,508
285,340
285,799
285,405
285,455
285,695
285,459
285,808
285,751
285,620
285,286
285,287
285,630
285,456
285,696
285,856
285,752
285,686
285,565
285,623
285,406
285,402
285,688
285,631
285,514
285,509
285,853
285,515
285,342
285,753
285,809
285,516
285,684
285,568
286,482
286,787
286,458
286,350
286,454
286,689
286,632
286,470
286,407
286,520
286,626
286,338
286,749
286,693
286,807
286,694
286,750
286,567
286,874
286,855
286,573
286,340
286,405
286,455
286,803
286,695
286,459
286,808
286,751
286,287
286,630
286,696
286,856
286,752
286,623
286,406
286,688
286,514
286,853
286,515
286,342
286,753
286,809
286,516
286,560
286,469
286,336
286,686
286,528
286,562
286,456
286,524
286,461
286,862
286,509
286,565
286,748
286,744
286,510
286,631
286,539
286,344
286,348
286,564
286,513
286,747
286,403
286,629
286,687
286,799
286,402
286,805
286,397
286,743
286,415
286,398
286,620
286,682
286,508
286,343
286,684
286,558
286,568
287,482
287,809
287,689
287,751
287,405
287,456
287,808
287,693
287,565
287,748
287,631
287,344
287,626
287,744
287,338
287,749
287,807
287,694
287,567
287,855
287,340
287,799
287,455
287,695
287,459
287,630
287,696
287,856
287,752
287,686
287,623
287,406
287,402
287,688
287,509
287,342
287,753
287,564
287,513
287,747
287,629
287,516
287,514
287,515
287,620
287,508
287,853
287,684
287,750
287,568
288,624
288,817
288,691
288,690
288,398
288,397
288,560
288,566
288,854
288,528
288,697
288,564
288,745
288,336
288,565
288,688
288,743
288,746
288,602
288,744
288,403
288,405
288,756
288,456
288,508
289,433
289,843
289,659
289,598
289,387
289,456
289,324
289,709
289,816
289,326
289,375
289,335
289,848
289,744
289,691
289,697
289,565
289,351
289,371
289,587
289,660
289,569
289,372
289,635
289,805
289,415
289,854
289,486
290,637
290,526
290,345
290,519
290,336
290,354
290,873
290,471
290,648
290,355
290,819
290,332
290,571
290,585
290,570
290,460
290,710
290,518
290,346
290,414
290,647
290,711
291,575
291,303
291,859
291,541
291,604
292,744
292,579
292,756
292,400
292,691
292,697
292,472
292,457
292,805
292,397
292,743
292,415
292,508
293,584
293,495
293,344
293,757
293,465
294,350
294,686
294,509
294,799
294,415
294,397
294,701
294,744
294,457
294,805
294,508
295,440
296,313
296,481
296,426
296,336
296,644
296,859
296,576
296,575
296,448
296,875
296,720
297,359
297,588
297,652
297,762
298,359
298,555
299,691
299,468
299,336
299,528
299,635
299,860
299,398
299,560
299,520
299,743
299,573
299,799
299,862
299,404
299,461
299,400
299,697
299,815
299,410
299,803
299,579
299,337
299,314
299,642
299,636
299,866
299,744
299,539
299,457
299,351
299,805
299,397
299,307
299,854
299,300
299,620
299,508
299,341
300,691
300,642
300,539
300,805
300,860
300,398
300,397
300,528
300,520
300,744
300,560
300,854
300,743
300,336
300,573
300,799
300,457
300,862
300,404
300,461
300,815
300,410
300,803
300,579
300,620
300,636
300,337
300,508
300,341
301,725
302,697
303,541
303,859
303,575
303,604
303,576
303,761
304,799
305,344
306,339
306,759
307,508
307,814
307,565
307,803
308,743
309,743
310,743
311,743
312,743
313,644
313,448
314,351
314,866
314,508
314,697
315,745
315,339
315,691
315,802
315,644
315,348
315,743
315,651
315,854
316,868
316,417
316,336
316,589
316,600
316,688
318,508
319,347
319,572
319,633
320,699
320,343
321,744
321,563
321,564
322,743
323,508
324,430
325,720
325,801
325,336
327,644
329,630
329,565
330,508
331,508
332,526
332,585
332,354
332,571
332,460
332,648
332,637
332,518
332,570
332,519
332,647
332,336
332,873
333,334
333,528
333,520
333,456
333,509
333,744
333,563
333,403
333,805
333,397
333,851
333,687
333,561
333,457
333,619
333,453
333,686
333,743
333,799
333,620
333,852
333,756
333,415
333,398
333,508
333,341
333,865
334,687
334,686
334,851
334,620
334,619
334,510
334,562
334,802
334,800
334,803
334,561
334,852
334,453
334,806
334,573
334,454
334,622
334,528
334,520
334,692
334,509
334,565
334,744
334,563
334,539
334,621
334,564
334,511
334,457
334,403
334,335
334,760
334,805
334,397
334,743
334,415
334,398
334,508
334,341
334,865
335,454
335,387
335,456
335,692
335,539
335,564
335,457
335,563
335,562
335,687
335,803
335,620
335,397
335,528
335,743
335,398
335,801
335,699
335,411
335,520
335,341
335,453
335,509
335,337
335,802
335,510
335,851
335,621
335,511
335,622
335,619
335,686
335,806
335,508
335,744
335,472
335,805
335,415
335,800
336,482
336,458
336,526
336,454
336,668
336,806
336,691
336,689
336,896
336,673
336,766
336,397
336,398
336,560
336,854
336,799
336,860
336,745
336,686
336,624
336,687
336,337
336,566
336,400
336,804
336,455
336,561
336,625
336,619
336,623
336,402
336,853
336,862
336,511
336,466
336,463
336,404
336,562
336,573
336,410
336,509
336,884
336,411
336,621
336,818
336,720
336,802
336,801
336,524
336,632
336,815
336,644
336,803
336,579
336,585
336,538
336,354
336,373
336,577
336,637
336,570
336,339
336,647
336,639
336,701
336,399
336,759
336,640
336,351
336,427
336,345
336,571
336,460
336,355
336,710
336,576
336,575
336,518
336,597
336,346
336,711
336,519
336,819
336,414
336,528
336,520
336,484
336,417
336,456
336,754
336,692
336,461
336,642
336,756
336,746
336,565
336,636
336,589
336,793
336,744
336,873
336,755
336,471
336,600
336,539
336,523
336,648
336,868
336,690
336,778
336,348
336,564
336,457
336,403
336,805
336,688
336,453
336,743
336,415
336,620
336,508
336,341
336,581
337,482
337,624
337,623
337,458
337,454
337,806
337,699
337,691
337,455
337,619
337,689
337,566
337,745
337,686
337,528
337,562
337,378
337,542
337,692
337,461
337,642
337,746
337,565
337,625
337,410
337,561
337,744
337,860
337,563
337,539
337,457
337,403
337,687
337,402
337,397
337,688
337,801
337,453
337,803
337,743
337,804
337,415
337,398
337,411
337,620
337,508
337,341
337,853
337,404
337,690
337,799
337,400
337,520
337,805
337,509
337,560
337,886
337,339
337,456
337,800
338,482
338,623
338,809
338,455
338,342
338,751
338,686
338,405
338,456
338,744
338,689
338,694
338,340
338,799
338,630
338,856
338,402
338,509
338,696
338,808
338,693
338,565
338,748
338,749
338,567
338,807
338,752
338,631
338,626
338,459
338,344
338,706
338,564
338,855
338,513
338,747
338,753
338,629
338,695
338,516
338,688
338,514
338,515
338,406
338,620
338,508
338,853
338,684
338,750
338,568
339,482
339,691
339,662
339,378
339,463
339,869
339,610
339,900
339,745
339,511
339,508
339,756
339,859
339,577
339,578
339,755
339,779
339,759
339,886
339,397
339,743
339,651
339,854
339,802
340,482
340,623
340,809
340,455
340,689
340,342
340,751
340,686
340,405
340,696
340,808
340,693
340,565
340,748
340,567
340,807
340,752
340,744
340,631
340,626
340,459
340,564
340,855
340,513
340,747
340,753
340,629
340,344
340,749
340,694
340,799
340,630
340,456
340,856
340,509
340,402
340,695
340,516
340,688
340,514
340,515
340,406
340,620
340,508
340,853
340,684
340,750
340,568
341,482
341,817
341,699
341,691
341,689
341,766
341,456
341,642
341,403
341,628
341,760
341,688
341,803
341,411
341,520
341,398
341,397
341,744
341,743
341,509
341,686
341,799
341,860
341,415
341,453
341,560
341,454
341,687
341,854
341,801
341,457
341,562
341,865
341,561
341,528
341,508
341,400
341,399
341,523
341,401
341,619
341,620
341,851
341,805
341,564
341,579
341,461
341,510
341,573
341,350
341,563
341,756
341,852
341,565
341,580
341,539
341,636
341,468
341,806
341,815
341,404
341,568
341,800
342,482
342,809
342,689
342,744
342,749
342,807
342,694
342,855
342,799
342,455
342,459
342,630
342,856
342,752
342,686
342,623
342,406
342,402
342,509
342,751
342,405
342,456
342,696
342,808
342,693
342,565
342,748
342,567
342,631
342,626
342,564
342,513
342,747
342,753
342,629
342,695
342,516
342,688
342,514
342,515
342,620
342,508
342,853
342,684
342,750
342,568
343,787
343,638
343,350
343,699
343,455
343,627
343,573
343,344
343,706
343,457
343,744
343,565
343,403
343,508
343,853
343,623
343,402
343,584
343,564
343,831
343,874
343,410
343,803
343,456
343,458
343,568
344,584
344,691
344,495
344,686
344,528
344,693
344,757
344,749
344,456
344,638
344,744
344,516
344,753
344,799
344,565
344,751
344,808
344,524
344,403
344,567
344,855
344,485
344,690
344,623
344,689
344,787
344,455
344,706
344,564
344,402
344,695
344,397
344,406
344,398
344,508
344,853
344,465
344,568
345,637
345,526
345,346
345,414
345,354
345,585
345,570
345,710
345,471
345,648
345,355
345,819
345,647
345,711
346,637
346,526
346,354
346,585
346,710
346,471
346,648
346,355
346,819
346,570
346,414
346,647
346,711
347,572
347,633
348,777
348,454
348,668
348,560
348,766
348,686
348,528
348,562
348,524
348,461
348,862
348,636
348,410
348,744
348,539
348,523
348,621
348,778
348,756
348,511
348,754
348,463
348,412
348,799
348,620
348,625
348,509
348,644
348,520
348,885
348,416
348,640
348,481
348,760
348,745
348,863
348,399
348,854
348,651
348,632
348,541
348,452
348,859
348,886
348,615
348,457
348,403
348,861
348,687
348,737
348,805
348,397
348,801
348,453
348,743
348,398
348,508
348,404
348,800
348,581
349,494
349,703
349,758
349,408
349,702
349,462
349,813
349,522
349,812
349,811
350,800
350,687
350,579
350,743
350,509
350,803
350,580
350,457
350,521
350,400
350,638
350,510
350,517
350,520
350,573
350,568
350,701
350,456
350,565
350,854
350,454
350,686
350,528
350,562
350,636
350,744
350,539
350,564
350,799
350,760
350,805
350,397
350,415
350,398
350,630
350,508
350,465
351,744
351,866
351,697
351,635
351,691
351,409
351,456
351,400
351,854
351,398
351,508
351,634
352,691
352,744
352,854
352,697
352,564
352,397
352,508
353,697
353,550
353,508
353,566
353,586
354,519
354,585
354,570
354,710
354,414
354,526
354,460
354,637
354,518
354,873
354,471
354,648
354,355
354,819
354,571
354,647
354,711
355,471
355,648
355,637
355,570
355,414
355,526
355,585
355,710
355,819
355,647
355,711
356,830
356,541
356,463
356,756
356,453
356,901
356,859
356,576
356,575
356,875
357,795
358,398
358,635
358,508
359,732
359,555
359,588
359,652
359,743
359,762
359,581
361,743
362,743
363,743
364,743
365,743
366,743
367,743
368,743
369,743
370,743
374,666
374,759
374,905
375,415
375,433
375,697
375,569
377,698
377,781
377,611
377,782
378,886
378,854
378,508
379,508
379,415
379,403
379,799
380,508
381,508
382,508
383,885
383,760
383,511
383,756
383,453
383,581
384,560
384,508
386,743
387,691
387,816
387,508
388,508
389,508
390,743
391,508
392,743
393,743
394,675
395,743
396,864
396,890
397,482
397,458
397,777
397,529
397,689
397,884
397,766
397,456
397,846
397,692
397,818
397,642
397,472
397,746
397,731
397,636
397,563
397,523
397,778
397,564
397,403
397,861
397,760
397,398
397,799
397,560
397,520
397,686
397,687
397,509
397,860
397,562
397,457
397,561
397,619
397,801
397,624
397,625
397,566
397,688
397,862
397,690
397,404
397,454
397,804
397,745
397,455
397,623
397,402
397,573
397,744
397,621
397,691
397,410
397,697
397,411
397,399
397,805
397,851
397,401
397,470
397,412
397,756
397,461
397,528
397,699
397,565
397,510
397,579
397,524
397,635
397,802
397,815
397,511
397,622
397,701
397,852
397,806
397,580
397,539
397,409
397,632
397,640
397,834
397,814
397,887
397,517
397,468
397,453
397,512
397,803
397,743
397,415
397,854
397,400
397,620
397,508
397,853
397,865
397,800
398,482
398,841
398,458
398,814
398,806
398,691
398,529
398,689
398,766
398,692
398,642
398,746
398,580
398,636
398,410
398,563
398,539
398,523
398,778
398,564
398,403
398,760
398,520
398,560
398,799
398,854
398,686
398,687
398,860
398,743
398,509
398,561
398,453
398,400
398,415
398,688
398,801
398,619
398,562
398,454
398,566
398,624
398,804
398,690
398,745
398,455
398,625
398,623
398,402
398,573
398,399
398,457
398,528
398,401
398,565
398,803
398,851
398,622
398,409
398,461
398,699
398,411
398,805
398,862
398,510
398,524
398,817
398,579
398,456
398,852
398,632
398,640
398,744
398,544
398,620
398,508
398,853
398,684
398,815
398,404
398,568
398,865
398,800
399,454
399,806
399,632
399,766
399,686
399,562
399,524
399,461
399,862
399,640
399,744
399,539
399,778
399,457
399,403
399,520
399,800
399,799
399,509
399,400
399,817
399,884
399,760
399,621
399,636
399,565
399,854
399,687
399,805
399,801
399,453
399,743
399,415
399,508
400,482
400,624
400,623
400,841
400,458
400,817
400,454
400,806
400,455
400,689
400,566
400,745
400,697
400,560
400,766
400,579
400,686
400,528
400,562
400,456
400,846
400,692
400,527
400,472
400,836
400,746
400,509
400,565
400,580
400,636
400,625
400,561
400,539
400,690
400,851
400,564
400,403
400,687
400,799
400,402
400,760
400,701
400,688
400,801
400,453
400,743
400,804
400,854
400,520
400,805
400,744
400,691
400,415
400,573
400,457
400,756
400,635
400,619
400,435
400,508
400,853
400,800
401,806
401,415
401,800
401,520
401,799
401,454
401,686
401,509
401,528
401,456
401,561
401,744
401,539
401,523
401,457
401,403
401,805
401,801
401,453
401,743
401,508
401,865
402,482
402,623
402,809
402,454
402,806
402,691
402,455
402,619
402,689
402,566
402,745
402,751
402,686
402,528
402,405
402,692
402,696
402,808
402,693
402,746
402,748
402,567
402,900
402,807
402,752
402,561
402,631
402,626
402,539
402,459
402,564
402,513
402,616
402,457
402,747
402,753
402,629
402,687
402,799
402,624
402,744
402,690
402,625
402,694
402,565
402,456
402,627
402,560
402,874
402,713
402,749
402,403
402,855
402,458
402,856
402,509
402,805
402,695
402,516
402,688
402,514
402,515
402,804
402,406
402,620
402,630
402,508
402,853
402,684
402,750
402,568
403,482
403,787
403,817
403,766
403,744
403,520
403,686
403,743
403,457
403,509
403,415
403,453
403,454
403,687
403,806
403,800
403,801
403,539
403,561
403,865
403,456
403,562
403,523
403,619
403,528
403,851
403,862
403,524
403,560
403,632
403,563
403,620
403,852
403,624
403,804
403,689
403,778
403,690
403,691
403,745
403,455
403,625
403,566
403,692
403,458
403,461
403,565
403,623
403,688
403,746
403,853
403,640
403,564
403,874
403,803
403,799
403,805
403,508
403,568
404,482
404,777
404,691
404,884
404,766
404,528
404,818
404,642
404,862
404,636
404,410
404,539
404,523
404,621
404,564
404,861
404,805
404,743
404,560
404,799
404,457
404,562
404,620
404,686
404,509
404,860
404,624
404,411
404,412
404,625
404,756
404,520
404,461
404,803
404,579
404,854
404,744
404,628
404,508
404,565
404,800
405,482
405,809
405,689
405,751
405,626
405,744
405,749
405,807
405,694
405,567
405,855
405,799
405,455
405,695
405,459
405,630
405,696
405,856
405,752
405,686
405,623
405,406
405,688
405,509
405,753
405,456
405,808
405,693
405,565
405,748
405,631
405,564
405,513
405,747
405,629
405,516
405,514
405,515
405,620
405,508
405,853
405,684
405,750
405,568
406,482
406,809
406,689
406,751
406,456
406,696
406,808
406,693
406,565
406,748
406,567
406,807
406,631
406,626
406,459
406,564
406,513
406,747
406,753
406,629
406,695
406,516
406,688
406,514
406,515
406,706
406,638
406,744
406,749
406,694
406,855
406,799
406,455
406,630
406,856
406,752
406,686
406,623
406,509
406,620
406,508
406,853
406,684
406,750
406,568
407,458
407,456
407,461
407,799
407,744
407,765
407,483
407,803
407,508
407,568
408,702
408,494
408,703
408,758
408,813
408,522
408,812
408,811
408,462
409,814
409,691
409,745
409,697
409,560
409,456
409,744
409,854
409,508
410,584
410,777
410,691
410,884
410,766
410,528
410,520
410,818
410,642
410,636
410,560
410,562
410,799
410,686
410,509
410,862
410,624
410,411
410,412
410,625
410,756
410,860
410,461
410,744
410,539
410,523
410,621
410,564
410,457
410,861
410,805
410,803
410,743
410,620
410,508
410,853
410,800
411,454
411,806
411,699
411,884
411,560
411,766
411,686
411,528
411,456
411,818
411,756
411,862
411,636
411,744
411,563
411,539
411,523
411,621
411,564
411,457
411,801
411,453
411,803
411,743
411,415
411,620
411,509
411,624
411,562
411,799
411,520
411,687
411,805
411,508
411,800
412,799
412,509
412,777
412,560
412,766
412,686
412,562
412,756
412,862
412,636
412,625
412,744
412,539
412,523
412,621
412,457
412,861
412,805
412,743
412,620
412,508
412,800
413,888
413,583
413,639
413,676
413,432
413,466
414,570
414,526
414,637
414,585
414,710
414,471
414,648
414,819
414,647
414,711
415,766
415,598
415,845
415,692
415,472
415,523
415,744
415,509
415,687
415,520
415,799
415,686
415,454
415,457
415,805
415,691
415,620
415,851
415,619
415,453
415,743
415,470
415,564
415,561
415,563
415,562
415,528
415,803
415,697
415,510
415,579
415,802
415,760
415,621
415,511
415,622
415,701
415,456
415,852
415,806
415,433
415,569
415,801
415,699
415,580
415,836
415,539
415,854
415,636
415,834
415,709
415,573
415,428
415,508
415,558
415,865
415,800
416,640
416,885
416,511
416,463
416,743
416,581
417,868
417,589
417,600
417,859
417,688
418,673
419,743
420,743
421,743
422,743
423,743
424,743
425,743
426,481
426,859
426,575
428,845
428,598
428,508
429,744
431,746
431,744
431,573
431,508
432,676
432,888
432,583
432,466
432,639
433,697
433,569
434,759
434,511
434,802
436,508
437,508
438,802
439,754
440,759
441,705
442,744
443,508
444,780
445,743
446,743
447,799
448,644
451,508
453,668
453,806
453,766
453,528
453,562
453,456
453,863
453,561
453,744
453,563
453,539
453,481
453,523
453,457
453,501
453,760
453,801
453,686
453,520
453,509
453,799
453,687
453,756
453,454
453,620
453,851
453,511
453,619
453,699
453,754
453,805
453,463
453,885
453,852
453,541
453,714
453,632
453,803
453,743
453,508
453,865
453,800
453,581
454,482
454,458
454,686
454,687
454,799
454,509
454,520
454,619
454,560
454,624
454,804
454,690
454,745
454,455
454,625
454,566
454,623
454,688
454,853
454,563
454,803
454,620
454,564
454,699
454,510
454,573
454,802
454,851
454,621
454,511
454,622
454,579
454,862
454,524
454,580
454,636
454,632
454,806
454,691
454,689
454,766
454,528
454,562
454,456
454,692
454,746
454,565
454,561
454,744
454,539
454,523
454,457
454,760
454,805
454,801
454,743
454,508
454,865
454,800
455,482
455,458
455,809
455,806
455,691
455,694
455,799
455,686
455,623
455,624
455,690
455,625
455,630
455,643
455,638
455,749
455,706
455,855
455,856
455,509
455,619
455,689
455,566
455,745
455,751
455,560
455,528
455,456
455,692
455,696
455,808
455,693
455,746
455,565
455,748
455,567
455,900
455,807
455,752
455,561
455,744
455,631
455,626
455,539
455,459
455,713
455,564
455,513
455,457
455,747
455,753
455,629
455,687
455,805
455,695
455,516
455,688
455,514
455,515
455,804
455,620
455,508
455,853
455,684
455,750
455,568
456,482
456,799
456,686
456,561
456,619
456,560
456,565
456,458
456,623
456,688
456,624
456,804
456,745
456,625
456,566
456,509
456,520
456,865
456,800
456,801
456,528
456,523
456,854
456,851
456,817
456,621
456,562
456,620
456,756
456,542
456,806
456,699
456,689
456,760
456,563
456,468
456,638
456,706
456,691
456,701
456,833
456,626
456,749
456,693
456,807
456,694
456,750
456,567
456,855
456,513
456,695
456,459
456,808
456,751
456,630
456,696
456,856
456,752
456,514
456,515
456,753
456,809
456,516
456,692
456,461
456,746
456,748
456,744
456,631
456,573
456,539
456,690
456,564
456,457
456,747
456,629
456,687
456,805
456,803
456,743
456,797
456,508
456,853
456,684
456,568
456,874
457,482
457,777
457,468
457,689
457,766
457,846
457,692
457,818
457,746
457,539
457,799
457,686
457,744
457,560
457,520
457,687
457,509
457,561
457,619
457,860
457,562
457,624
457,625
457,528
457,854
457,801
457,620
457,804
457,690
457,745
457,566
457,458
457,565
457,623
457,688
457,853
457,573
457,806
457,862
457,851
457,523
457,756
457,510
457,817
457,803
457,461
457,621
457,802
457,697
457,564
457,563
457,511
457,622
457,642
457,852
457,884
457,691
457,636
457,579
457,701
457,861
457,760
457,805
457,743
457,508
457,815
457,865
457,800
458,482
458,744
458,799
458,688
458,686
458,624
458,804
458,560
458,690
458,687
458,745
458,561
458,625
458,566
458,619
458,623
458,568
458,461
458,810
458,806
458,691
458,689
458,528
458,692
458,746
458,565
458,539
458,805
458,630
458,508
458,853
458,684
459,482
459,809
459,689
459,751
459,696
459,808
459,693
459,565
459,748
459,567
459,631
459,626
459,744
459,749
459,807
459,694
459,855
459,799
459,630
459,856
459,752
459,686
459,623
459,509
459,564
459,513
459,747
459,753
459,629
459,695
459,516
459,688
459,514
459,515
459,620
459,508
459,853
459,684
459,750
459,568
460,637
460,526
460,519
460,585
460,570
460,873
460,648
460,518
460,571
460,647
461,691
461,766
461,579
461,528
461,621
461,542
461,560
461,520
461,799
461,862
461,524
461,778
461,562
461,687
461,632
461,640
461,699
461,642
461,860
461,539
461,805
461,803
461,743
461,854
461,620
461,508
461,815
461,568
462,702
462,494
462,703
462,758
462,813
462,522
462,812
462,811
463,511
463,756
463,754
463,640
463,885
463,759
463,541
463,743
463,581
464,857
464,733
464,859
465,584
465,495
465,757
465,744
465,803
465,686
466,888
466,691
466,574
466,607
466,745
466,756
466,644
466,759
466,755
466,614
466,676
466,508
466,802
466,859
466,575
466,576
466,578
466,854
466,688
466,700
466,583
466,639
466,645
466,707
466,870
466,743
466,581
467,669
467,508
467,560
467,573
468,691
468,635
468,619
468,806
468,817
468,689
468,528
468,562
468,756
468,687
468,760
468,508
469,745
469,814
469,508
469,854
469,558
470,744
470,508
471,526
471,585
471,648
471,637
471,570
471,647
471,710
471,819
471,711
472,691
472,579
472,508
473,743
474,743
475,743
476,743
477,743
478,743
479,743
480,743
481,754
481,859
481,576
481,575
481,720
482,744
482,508
482,745
482,565
482,689
482,799
482,686
482,623
482,688
482,853
482,624
482,804
482,560
482,690
482,691
482,687
482,561
482,625
482,566
482,805
482,692
482,619
482,746
482,806
482,854
482,512
482,626
482,747
482,564
482,627
482,748
482,628
482,749
482,693
482,807
482,694
482,750
482,629
482,567
482,855
482,513
482,695
482,808
482,751
482,620
482,630
482,696
482,856
482,752
482,631
482,514
482,509
482,515
482,753
482,809
482,516
482,528
482,539
482,684
482,568
483,624
483,803
483,508
485,690
485,818
485,632
486,854
486,691
486,508
487,508
488,508
489,508
490,508
491,508
494,702
494,813
494,811
494,703
494,812
494,758
494,522
495,584
495,757
496,743
497,543
498,508
500,508
502,802
503,691
504,743
505,508
506,508
508,787
508,841
508,843
508,788
508,546
508,669
508,529
508,844
508,549
508,608
508,766
508,845
508,727
508,846
508,728
508,897
508,692
508,790
508,791
508,898
508,748
508,612
508,552
508,613
508,872
508,616
508,747
508,512
508,646
508,797
508,858
508,744
508,799
508,560
508,854
508,520
508,686
508,565
508,528
508,743
508,509
508,687
508,860
508,691
508,561
508,688
508,566
508,800
508,624
508,745
508,806
508,625
508,619
508,523
508,623
508,689
508,690
508,697
508,801
508,804
508,562
508,621
508,636
508,627
508,620
508,865
508,756
508,862
508,564
508,573
508,635
508,634
508,851
508,884
508,622
508,861
508,777
508,818
508,593
508,814
508,632
508,866
508,510
508,517
508,642
508,815
508,579
508,542
508,587
508,524
508,521
508,694
508,563
508,852
508,775
508,709
508,544
508,838
508,832
508,598
508,584
508,817
508,760
508,778
508,601
508,580
508,539
508,805
508,701
508,713
508,746
508,516
508,640
508,545
508,663
508,641
508,783
508,834
508,638
508,722
508,599
508,626
508,699
508,628
508,749
508,693
508,807
508,750
508,629
508,839
508,567
508,855
508,513
508,695
508,808
508,751
508,836
508,779
508,630
508,696
508,856
508,752
508,810
508,723
508,631
508,514
508,515
508,753
508,809
508,664
508,784
508,724
508,891
508,785
508,892
508,893
508,786
508,840
508,853
508,684
508,558
508,568
508,904
508,874
509,624
509,623
509,809
509,777
509,806
509,699
509,689
509,884
509,751
509,766
509,579
509,528
509,696
509,818
509,756
509,808
509,693
509,799
509,520
509,686
509,851
509,619
509,852
509,862
509,524
509,560
509,562
509,632
509,749
509,630
509,856
509,694
509,565
509,580
509,636
509,748
509,625
509,567
509,807
509,752
509,561
509,744
509,510
509,631
509,573
509,563
509,626
509,539
509,523
509,621
509,564
509,855
509,513
509,747
509,753
509,861
509,629
509,687
509,760
509,805
509,695
509,516
509,688
509,514
509,515
509,801
509,803
509,743
509,620
509,853
509,684
509,750
509,568
509,865
509,800
510,841
510,622
510,524
510,692
510,744
510,687
510,686
510,520
510,802
510,851
510,562
510,620
510,566
510,619
510,806
510,632
510,579
510,528
510,573
510,563
510,539
510,621
510,564
510,511
510,760
510,805
510,803
510,743
510,800
511,885
511,725
511,672
511,528
511,692
511,869
511,644
511,793
511,744
511,755
511,563
511,539
511,779
511,859
511,564
511,756
511,754
511,759
511,796
511,800
511,575
511,851
511,621
511,622
511,562
511,687
511,803
511,620
511,619
511,686
511,806
511,640
511,760
511,886
511,805
511,801
511,743
511,902
511,802
511,581
512,745
512,854
513,689
513,748
513,631
513,626
513,564
513,744
513,749
513,693
513,807
513,694
513,750
513,567
513,855
513,799
513,695
513,808
513,751
513,630
513,696
513,856
513,752
513,686
513,565
513,623
513,688
513,514
513,853
513,515
513,753
513,809
513,516
513,747
513,629
513,620
513,684
513,568
514,809
514,689
514,751
514,693
514,565
514,748
514,631
514,564
514,747
514,629
514,516
514,626
514,744
514,749
514,807
514,694
514,567
514,855
514,799
514,695
514,808
514,630
514,696
514,856
514,752
514,686
514,623
514,688
514,515
514,753
514,620
514,853
514,684
514,750
514,568
515,809
515,689
515,751
515,808
515,693
515,565
515,748
515,631
515,564
515,747
515,629
515,516
515,626
515,744
515,749
515,807
515,694
515,567
515,855
515,799
515,695
515,630
515,696
515,856
515,752
515,686
515,623
515,688
515,753
515,620
515,853
515,684
515,750
515,568
516,638
516,584
516,689
516,565
516,748
516,631
516,706
516,747
516,629
516,626
516,564
516,744
516,749
516,693
516,807
516,694
516,750
516,567
516,855
516,799
516,695
516,808
516,751
516,630
516,696
516,856
516,752
516,686
516,623
516,688
516,753
516,809
516,620
516,853
516,684
516,568
517,691
517,697
517,565
517,814
517,744
517,854
518,637
518,526
518,519
518,873
518,648
518,585
518,570
518,571
518,647
519,637
519,526
519,585
519,570
519,647
519,873
519,648
519,571
520,817
520,806
520,699
520,691
520,632
520,884
520,766
520,579
520,851
520,619
520,686
520,560
520,528
520,815
520,852
520,562
520,524
520,642
520,862
520,561
520,640
520,744
520,860
520,573
520,563
520,539
520,523
520,778
520,564
520,687
520,799
520,760
520,805
520,801
520,803
520,743
520,854
520,620
520,865
520,800
521,697
521,744
522,703
522,758
522,813
522,702
522,812
522,811
523,777
523,806
523,766
523,528
523,539
523,744
523,799
523,686
523,743
523,800
523,560
523,621
523,562
523,620
523,636
523,862
523,801
523,865
523,561
523,564
523,624
523,884
523,625
523,756
523,818
523,861
523,805
524,766
524,528
524,562
524,687
524,560
524,686
524,632
524,640
524,862
524,744
524,539
524,778
524,805
524,743
524,854
525,743
526,637
526,571
526,585
526,570
526,710
526,873
526,648
526,819
526,647
526,711
527,691
527,635
528,529
528,560
528,854
528,860
528,686
528,561
528,806
528,619
528,566
528,624
528,804
528,689
528,691
528,745
528,625
528,623
528,853
528,573
528,865
528,801
528,862
528,563
528,803
528,851
528,622
528,699
528,817
528,579
528,802
528,815
528,621
528,852
528,580
528,632
528,562
528,692
528,642
528,756
528,746
528,565
528,636
528,744
528,539
528,690
528,564
528,687
528,799
528,760
528,805
528,688
528,743
528,620
528,568
528,800
528,581
529,624
529,690
529,691
529,745
529,566
529,565
529,854
529,688
529,746
529,560
529,564
530,617
531,743
532,743
533,743
534,743
535,743
536,743
537,743
538,759
538,577
538,756
538,743
539,580
539,744
539,560
539,799
539,686
539,691
539,806
539,854
539,860
539,800
539,562
539,561
539,801
539,624
539,625
539,620
539,692
539,619
539,862
539,804
539,689
539,690
539,745
539,566
539,565
539,623
539,688
539,746
539,853
539,573
539,621
539,636
539,756
539,766
539,865
539,563
539,803
539,884
539,861
539,777
539,818
539,699
539,579
539,802
539,851
539,815
539,622
539,632
539,568
539,564
539,687
539,760
539,805
539,743
540,645
541,859
541,575
541,576
541,756
541,604
542,621
542,854
542,560
544,690
547,743
548,743
550,586
551,799
553,743
554,743
556,649
557,764
558,560
559,899
560,777
560,806
560,669
560,689
560,745
560,884
560,799
560,860
560,624
560,625
560,619
560,623
560,566
560,587
560,697
560,814
560,866
560,691
560,632
560,766
560,686
560,635
560,562
560,692
560,818
560,642
560,756
560,746
560,862
560,565
560,636
560,561
560,744
560,573
560,690
560,621
560,564
560,861
560,687
560,805
560,688
560,803
560,743
560,867
560,804
560,854
560,620
560,853
560,815
560,800
561,806
561,691
561,689
561,692
561,746
561,565
561,686
561,799
561,619
561,624
561,804
561,690
561,745
561,625
561,566
561,623
561,800
561,801
561,851
561,620
561,852
561,744
561,563
561,687
561,805
561,688
561,743
561,853
561,865
562,777
562,622
562,884
562,766
562,799
562,620
562,686
562,801
562,624
562,625
562,699
562,573
562,619
562,806
562,802
562,689
562,851
562,817
562,579
562,580
562,632
562,640
562,692
562,818
562,756
562,862
562,636
562,744
562,563
562,621
562,778
562,564
562,861
562,687
562,760
562,805
562,803
562,743
562,800
563,692
563,687
563,620
563,743
563,803
563,801
563,699
563,851
563,619
563,686
563,802
563,621
563,622
563,852
563,806
563,744
563,564
563,805
563,865
563,800
564,809
564,689
564,751
564,766
564,692
564,756
564,693
564,792
564,748
564,631
564,744
564,686
564,743
564,621
564,624
564,636
564,884
564,787
564,687
564,818
564,862
564,573
564,803
564,853
564,802
564,851
564,706
564,622
564,579
564,619
564,565
564,806
564,691
564,580
564,626
564,627
564,749
564,807
564,694
564,750
564,567
564,874
564,855
564,682
564,695
564,808
564,630
564,696
564,856
564,752
564,623
564,688
564,753
564,616
564,747
564,629
564,799
564,760
564,805
564,854
564,620
564,684
564,568
564,800
565,638
565,584
565,814
565,627
565,692
565,746
565,623
565,686
565,624
565,804
565,687
565,745
565,625
565,566
565,619
565,806
565,691
565,567
565,626
565,689
565,693
565,807
565,694
565,750
565,695
565,808
565,751
565,696
565,856
565,752
565,753
565,809
565,748
565,749
565,744
565,631
565,690
565,706
565,855
565,747
565,629
565,799
565,628
565,805
565,688
565,854
565,620
565,630
565,853
565,587
565,684
565,815
565,568
565,874
566,841
566,806
566,691
566,689
566,624
566,799
566,625
566,619
566,686
566,623
566,854
566,745
566,632
566,692
566,746
566,744
566,690
566,687
566,805
566,688
566,804
566,853
567,809
567,689
567,751
567,696
567,808
567,693
567,748
567,744
567,749
567,807
567,694
567,855
567,799
567,630
567,856
567,752
567,686
567,623
567,631
567,626
567,706
567,747
567,753
567,629
567,695
567,688
567,620
567,853
567,684
567,750
567,568
568,787
568,638
568,627
568,616
568,687
568,684
568,744
568,688
568,799
568,853
568,815
568,706
568,626
568,747
568,748
568,689
568,749
568,693
568,807
568,694
568,750
568,629
568,855
568,573
568,803
568,695
568,808
568,751
568,620
568,630
568,696
568,856
568,752
568,686
568,623
568,854
568,631
568,753
568,809
568,874
569,697
570,637
570,585
570,710
570,873
570,648
570,819
570,571
570,647
570,711
571,637
571,873
571,648
571,585
571,647
572,633
573,584
573,669
573,691
573,746
573,862
573,860
573,799
573,744
573,687
573,686
573,579
573,635
573,853
573,760
573,805
573,743
573,867
573,739
573,854
573,800
574,644
574,870
574,607
574,645
574,707
574,743
575,859
575,578
575,576
575,875
575,876
575,761
575,700
575,604
575,796
575,650
575,720
575,802
576,859
576,578
576,650
576,876
576,761
576,720
576,700
576,604
576,875
577,578
577,869
577,859
577,743
577,756
577,755
578,869
578,876
578,755
578,859
578,794
578,700
578,903
579,691
579,800
579,686
579,854
579,580
579,636
579,744
579,860
579,687
579,760
579,805
579,743
580,800
580,686
580,636
580,744
580,687
580,760
580,743
581,668
581,745
581,687
581,737
581,743
581,756
581,754
581,801
581,885
581,760
581,640
581,859
581,707
581,645
581,762
582,704
583,888
583,639
583,756
583,676
584,757
584,853
584,799
584,803
585,637
585,710
585,873
585,648
585,819
585,647
585,711
587,746
587,744
587,688
588,732
588,652
588,762
589,868
589,600
589,688
590,743
591,743
592,743
593,743
594,743
595,743
596,743
598,691
598,805
598,845
599,727
600,868
600,688
601,854
603,802
604,859
604,650
605,743
607,707
607,645
607,870
609,743
610,745
611,698
611,782
611,781
616,744
618,743
619,817
619,806
619,691
619,686
619,799
619,624
619,690
619,625
619,623
619,851
619,620
619,802
619,800
619,852
619,689
619,622
619,745
619,692
619,756
619,746
619,744
619,621
619,687
619,760
619,805
619,688
619,803
619,743
619,804
619,853
619,865
620,777
620,806
620,699
620,691
620,689
620,622
620,884
620,766
620,692
620,818
620,642
620,756
620,862
620,636
620,748
620,625
620,631
620,621
620,747
620,861
620,629
620,687
620,801
620,799
620,624
620,805
620,851
620,802
620,860
620,803
620,852
620,743
620,626
620,744
620,749
620,693
620,807
620,694
620,750
620,855
620,695
620,808
620,751
620,630
620,696
620,856
620,752
620,686
620,623
620,688
620,853
620,753
620,809
620,684
620,865
620,800
621,817
621,777
621,622
621,884
621,766
621,692
621,818
621,744
621,690
621,686
621,743
621,799
621,862
621,624
621,625
621,756
621,854
621,802
621,851
621,687
621,803
621,806
621,636
621,861
621,760
621,805
621,800
622,817
622,802
622,800
622,851
622,687
622,803
622,686
622,806
622,692
622,744
622,805
622,743
623,799
623,686
623,624
623,690
623,625
623,749
623,855
623,630
623,856
623,638
623,809
623,806
623,691
623,689
623,745
623,751
623,692
623,696
623,808
623,693
623,746
623,694
623,748
623,807
623,752
623,744
623,631
623,626
623,713
623,747
623,753
623,629
623,687
623,805
623,695
623,688
623,804
623,853
623,684
623,750
624,799
624,854
624,806
624,691
624,689
624,745
624,884
624,766
624,686
624,692
624,818
624,756
624,746
624,862
624,792
624,636
624,625
624,744
624,690
624,687
624,805
624,688
624,743
624,804
624,853
625,777
625,806
625,691
625,689
625,745
625,766
625,686
625,692
625,756
625,746
625,862
625,636
625,799
625,690
625,744
625,861
625,687
625,805
625,688
625,743
625,804
625,853
625,800
626,809
626,689
626,751
626,808
626,693
626,748
626,631
626,744
626,749
626,807
626,694
626,855
626,799
626,630
626,696
626,856
626,752
626,686
626,688
626,753
626,747
626,629
626,695
626,853
626,684
626,750
627,744
627,688
628,744
629,689
629,748
629,747
629,744
629,749
629,693
629,807
629,694
629,750
629,855
629,799
629,695
629,808
629,751
629,630
629,696
629,856
629,752
629,686
629,688
629,631
629,853
629,753
629,809
629,684
630,809
630,689
630,751
630,686
630,696
630,808
630,693
630,694
630,748
630,749
630,807
630,752
630,631
630,855
630,747
630,753
630,695
630,744
630,638
630,688
630,799
630,803
630,856
630,853
630,684
630,750
631,689
631,748
631,744
631,749
631,693
631,807
631,694
631,750
631,855
631,799
631,695
631,808
631,751
631,696
631,856
631,752
631,686
631,688
631,853
631,753
631,809
631,747
631,684
632,841
632,640
632,801
632,766
632,686
632,818
632,862
632,744
632,778
632,687
632,805
632,743
632,804
634,691
635,691
635,697
635,854
635,684
636,817
636,777
636,691
636,766
636,686
636,743
636,799
636,862
636,800
636,884
636,756
636,818
636,860
636,854
636,687
636,744
636,861
636,760
636,805
637,710
637,873
637,648
637,819
637,647
637,711
638,803
638,753
638,751
638,749
638,744
638,706
639,888
639,676
639,743
639,720
640,885
640,766
640,862
640,687
640,778
640,805
640,743
641,894
642,691
642,860
642,744
642,799
642,803
642,743
642,805
643,694
643,713
644,756
644,707
644,743
645,707
645,870
645,743
646,844
647,873
647,648
647,710
647,819
647,711
648,710
648,873
648,819
648,711
650,859
651,886
651,745
651,854
651,712
652,732
652,762
653,743
654,743
655,743
656,743
657,743
658,743
662,756
662,869
665,683
666,759
666,905
667,743
668,801
668,743
668,863
669,867
670,743
675,802
676,888
677,743
678,743
679,859
680,837
682,799
684,744
684,688
684,814
684,747
684,748
684,689
684,749
684,693
684,807
684,694
684,750
684,690
684,691
684,855
684,799
684,695
684,808
684,751
684,696
684,856
684,752
684,686
684,746
684,853
684,753
684,809
685,872
685,850
686,809
686,777
686,806
686,691
686,689
686,745
686,884
686,751
686,766
686,799
686,690
686,851
686,802
686,852
686,749
686,694
686,855
686,701
686,856
686,810
686,854
686,692
686,696
686,818
686,756
686,808
686,693
686,746
686,862
686,748
686,807
686,752
686,744
686,747
686,753
686,861
686,687
686,760
686,805
686,695
686,688
686,801
686,803
686,743
686,804
686,853
686,750
686,865
686,800
687,699
687,691
687,766
687,692
687,746
687,862
687,778
687,799
687,804
687,690
687,745
687,851
687,802
687,689
687,817
687,756
687,852
687,806
687,744
687,760
687,805
687,688
687,801
687,803
687,743
687,853
687,865
687,800
688,809
688,806
688,691
688,689
688,751
688,692
688,808
688,693
688,746
688,748
688,755
688,747
688,753
688,805
688,695
688,799
688,854
688,804
688,690
688,745
688,868
688,744
688,694
688,810
688,815
688,814
688,749
688,807
688,855
688,696
688,856
688,752
688,849
688,853
688,750
689,806
689,744
689,853
689,804
689,690
689,745
689,817
689,756
689,760
689,691
689,749
689,693
689,807
689,694
689,750
689,855
689,695
689,808
689,751
689,696
689,856
689,752
689,753
689,809
689,692
689,746
689,748
689,706
689,747
689,799
689,805
689,743
690,806
690,692
690,746
690,691
690,745
690,854
690,814
690,744
690,799
690,805
690,804
690,853
691,841
691,744
691,860
691,799
691,804
691,853
691,806
691,862
691,814
691,815
691,816
691,745
691,697
691,692
691,746
691,805
691,803
691,743
691,854
692,744
692,806
692,804
692,799
692,745
692,746
692,853
692,802
692,800
692,851
692,803
692,743
692,805
693,809
693,751
693,753
693,744
693,749
693,807
693,706
693,694
693,750
693,855
693,799
693,695
693,808
693,696
693,856
693,752
693,853
693,748
693,747
694,809
694,751
694,696
694,808
694,810
694,749
694,799
694,856
694,748
694,900
694,807
694,752
694,744
694,713
694,855
694,747
694,753
694,695
694,853
694,750
694,874
695,809
695,751
695,808
695,748
695,747
695,706
695,744
695,749
695,807
695,855
695,799
695,696
695,856
695,752
695,753
695,853
695,750
696,809
696,751
696,744
696,749
696,807
696,855
696,799
696,856
696,752
696,808
696,748
696,747
696,753
696,853
696,750
697,814
697,854
697,745
697,709
697,846
697,816
697,866
697,722
697,805
698,781
698,782
699,806
699,801
699,805
699,744
699,803
699,743
699,800
700,859
701,744
701,799
702,703
702,758
702,813
702,812
702,811
703,811
703,812
703,758
703,813
706,751
706,749
706,744
706,808
706,753
706,853
707,870
707,743
709,721
710,819
710,711
711,819
713,750
713,900
713,744
713,853
713,874
715,743
716,743
717,743
718,743
719,743
720,743
720,756
720,801
720,859
722,854
725,802
729,779
730,743
731,887
732,762
733,857
733,859
735,743
736,743
738,743
740,743
741,802
743,777
743,766
743,789
743,818
743,847
743,746
743,900
743,744
743,778
743,861
743,760
743,799
743,756
743,860
743,854
743,801
743,862
743,754
743,805
743,802
743,759
743,851
743,767
743,803
743,817
743,745
743,806
743,878
743,869
743,884
743,768
743,859
743,885
743,852
743,769
743,770
743,771
743,772
743,820
743,821
743,822
743,823
743,879
743,824
743,773
743,825
743,880
743,774
743,775
743,826
743,881
743,827
743,776
743,828
743,882
743,829
743,883
743,815
743,865
743,800
744,787
744,809
744,777
744,832
744,765
744,751
744,766
744,808
744,748
744,807
744,752
744,854
744,860
744,801
744,862
744,804
744,745
744,865
744,851
744,803
744,884
744,756
744,818
744,806
744,802
744,814
744,852
744,746
744,817
744,836
744,749
744,874
744,855
744,856
744,834
744,747
744,753
744,861
744,799
744,760
744,805
744,853
744,750
744,800
745,806
745,799
745,759
745,814
745,746
745,900
745,755
745,886
745,805
745,804
745,854
745,853
746,804
746,799
746,853
746,806
746,854
746,814
746,805
747,748
747,749
747,807
747,750
747,855
747,799
747,808
747,751
747,856
747,752
747,853
747,753
747,809
748,749
748,807
748,750
748,855
748,799
748,808
748,751
748,856
748,752
748,853
748,753
748,809
749,809
749,751
749,799
749,808
749,856
749,807
749,752
749,855
749,753
749,853
749,750
750,809
750,751
750,900
750,853
750,807
750,855
750,799
750,808
750,856
750,752
750,753
751,809
751,807
751,855
751,799
751,808
751,856
751,752
751,853
751,753
752,809
752,808
752,807
752,855
752,799
752,856
752,753
752,853
753,809
753,808
753,807
753,855
753,799
753,856
753,853
754,760
754,756
754,801
754,802
755,854
755,869
755,756
755,779
755,859
756,817
756,777
756,885
756,766
756,799
756,884
756,818
756,859
756,806
756,869
756,862
756,759
756,793
756,779
756,861
756,760
756,805
756,801
756,802
756,800
758,811
758,812
758,813
759,859
759,886
759,801
759,802
759,905
760,817
760,800
760,885
760,806
760,801
760,884
760,805
761,859
766,799
766,800
766,801
766,806
766,862
766,884
766,861
766,777
766,818
766,778
766,805
777,800
777,799
777,861
777,862
777,805
778,862
778,805
779,869
781,782
787,799
799,809
799,806
799,884
799,818
799,808
799,862
799,807
799,860
799,851
799,855
799,861
799,856
799,805
799,801
799,803
799,804
799,854
799,853
799,865
799,800
799,874
800,806
800,851
800,861
800,865
800,801
800,803
800,805
800,862
800,802
801,806
801,805
801,803
801,865
802,806
802,851
802,805
802,803
802,859
803,805
803,860
803,851
803,806
803,853
803,874
804,806
804,805
804,853
805,841
805,817
805,860
805,806
805,854
805,862
805,853
805,865
805,851
805,884
805,861
805,818
805,815
805,852
805,887
806,817
806,853
806,865
806,851
807,809
807,808
807,855
807,856
807,853
808,809
808,855
808,856
808,853
809,855
809,856
809,853
811,813
811,812
812,813
814,854
815,860
815,854
817,884
818,884
818,862
830,901
831,853
832,897
850,872
851,852
851,865
852,865
853,900
853,874
853,855
853,856
854,862
854,860
854,886
854,866
855,856
857,859
858,872
859,869
859,876
859,875
860,862
861,862
862,884
864,890
